{"player":{"x":27.25,"y":24.25},"walls":[{"coords":[16,35,16,19,18,19,18,35],"tags":["wall"],"x":17.166666666666664,"y":27.166666666666664},{"coords":[18,21,18,19,42,19,42,21],"tags":["wall"],"x":34.170000000000016,"y":20.5},{"coords":[18,35,18,33,41,33,41,35],"tags":["wall"],"x":29.416666666666668,"y":34},{"coords":[40,35,40,21,42,21,42,35],"tags":["wall"],"x":41.166666666666664,"y":25.956666666666674}],"furniture":[{"tags":["chair1"],"x":21.416666666666668,"y":28.833333333333332,"theta":0,"width":0,"height":0,"radius":1.56}],"food":[{"tags":["turkey"],"x":32.5,"y":28.583333333333332,"theta":0,"width":0,"height":0,"radius":1.5,"dessert":false,"amount":10}],"ais":[],"doors":[]}