{"par":5,"threshold":100,"player":{"x":27.25,"y":24.25},"walls":[{"r":85,"g":136,"b":119,"coords":[16,35,16,19,18,19,18,35],"tags":["wall"],"x":17,"y":27}],"furniture":[{"tags":["chair1"],"x":21.416666666666668,"y":28.833333333333332,"theta":0,"width":0,"height":0,"radius":1.56}],"food":[{"tags":["turkey"],"x":32.5,"y":28.583333333333332,"theta":0,"width":0,"height":0,"radius":1.5,"dessert":false,"amount":10}],"ais":[{"tags":["ai"],"coords":[10,20,10,35,5,35,5,20]}],"doors":[]}